Rank,Feature,Feature_Type,Mean_Abs_SHAP,Mean_Signed_SHAP
1,Morgan_bit_904,Ligand,0.013741821445056604,0.013741821445056604
2,Morgan_bit_212,Ligand,0.01357160178903723,0.007688939835650941
3,Morgan_bit_301,Ligand,0.012315593862871803,0.00775699111492986
4,Morgan_bit_853,Ligand,0.011356791361602617,0.011356791361602617
5,Morgan_bit_289,Ligand,0.011181439701604698,0.0066659935132988265
6,Morgan_bit_996,Ligand,0.010436805450869058,-0.0013091205079624024
7,Morgan_bit_878,Ligand,0.009911920742712802,0.007349421243520679
8,Morgan_bit_587,Ligand,0.009828327803111414,0.009828327803111414
9,Morgan_bit_291,Ligand,0.009480077295954337,0.009480077295954337
10,Morgan_bit_21,Ligand,0.00892360347013465,0.00892360347013465
11,Morgan_bit_114,Ligand,0.008711285383844605,0.008711285383844605
12,Morgan_bit_491,Ligand,0.008376792304530244,0.00434104947851323
13,Morgan_bit_203,Ligand,0.00824765663235935,0.00824765663235935
14,Morgan_bit_713,Ligand,0.007927081140160214,0.0070071837691798155
15,Morgan_bit_190,Ligand,0.007707379290706853,0.007707379290706853
16,Morgan_bit_770,Ligand,0.007652996841107662,0.007652996841107662
17,Morgan_bit_219,Ligand,0.007651128696262272,-0.0043774888672690184
18,Morgan_bit_842,Ligand,0.007515900179823036,0.0040571325848436975
19,Morgan_bit_13,Ligand,0.007454373387983358,-0.003765759102146729
20,Morgan_bit_352,Ligand,0.007290394097440381,0.007290394097440381
21,Morgan_bit_65,Ligand,0.007237636664060053,0.005733180715100315
22,Morgan_bit_327,Ligand,0.007169192828891856,0.001343562122358306
23,Morgan_bit_655,Ligand,0.007160833964853933,-0.0012683495479693893
24,Morgan_bit_142,Ligand,0.007120710334872637,0.007120710334872637
25,Morgan_bit_173,Ligand,0.007094603409353938,0.007094603409353938
26,Morgan_bit_593,Ligand,0.006939102936851957,0.006939102936851957
27,Morgan_bit_23,Ligand,0.00693724926035547,0.00693724926035547
28,Morgan_bit_838,Ligand,0.006918473517302741,-0.00039373430298171396
29,Morgan_bit_323,Ligand,0.006881154720282208,0.006881154720282208
30,Morgan_bit_362,Ligand,0.006851022718125222,-0.006851022718125222
31,Morgan_bit_925,Ligand,0.006707160921400364,0.006707160921400364
32,Morgan_bit_940,Ligand,0.0066490990265033,0.005142870033529767
33,Morgan_bit_667,Ligand,0.006624396327067604,-0.00080092022671282
34,Morgan_bit_424,Ligand,0.006482240556195194,-0.001672376480138542
35,Morgan_bit_60,Ligand,0.006399107486524341,0.006399107486524341
36,Morgan_bit_32,Ligand,0.006389131969393061,0.006389131969393061
37,Morgan_bit_939,Ligand,0.0063529113342761095,0.001324514032236448
38,Morgan_bit_524,Ligand,0.006314707673704016,-0.006314707673704016
39,Morgan_bit_490,Ligand,0.006303917059468832,0.006303917059468832
40,Morgan_bit_568,Ligand,0.006163439079416239,0.006163439079416239
41,Morgan_bit_884,Ligand,0.006123898527434221,0.006123898527434221
42,Morgan_bit_665,Ligand,0.006099531692851707,-0.0022794399712648397
43,Morgan_bit_507,Ligand,0.0060908099289252084,0.0060908099289252084
44,Morgan_bit_458,Ligand,0.006072331512873952,-0.0011531984792931195
45,Morgan_bit_91,Ligand,0.005964781726354354,0.005964781726354354
46,Morgan_bit_660,Ligand,0.005845012795848901,-0.004100255979541759
47,Morgan_bit_389,Ligand,0.0057548441430047125,-0.0057548441430047125
48,Morgan_bit_197,Ligand,0.005735510038390309,0.005142264472634615
49,Morgan_bit_708,Ligand,0.005722871454407403,0.005722871454407403
50,Morgan_bit_603,Ligand,0.0056994130456855824,-0.002191689331971841
51,Morgan_bit_538,Ligand,0.005558554850550947,0.005558554850550947
52,Morgan_bit_680,Ligand,0.005543240929948871,0.005543240929948871
53,Morgan_bit_468,Ligand,0.0055391170149088394,-0.0055391170149088394
54,Morgan_bit_519,Ligand,0.005532227351886383,0.005532227351886383
55,Morgan_bit_734,Ligand,0.0054090021149069654,-0.0054090021149069654
56,Morgan_bit_891,Ligand,0.005391858935669542,-0.0031854933625845164
57,Morgan_bit_830,Ligand,0.005352390844862605,0.002515604313889255
58,Morgan_bit_366,Ligand,0.005270758260740816,0.005270758260740816
59,Morgan_bit_20,Ligand,0.005235431512911113,0.005235431512911113
60,Morgan_bit_910,Ligand,0.005218698877134236,-0.0009636557003106013
61,Morgan_bit_1006,Ligand,0.005202171250817345,0.005202171250817345
62,Morgan_bit_492,Ligand,0.005179241797581382,-0.0017556722899735558
63,Morgan_bit_333,Ligand,0.005151197795528202,0.005151197795528202
64,Morgan_bit_864,Ligand,0.005114430249302066,-0.005114430249302066
65,Morgan_bit_3,Ligand,0.005086975677930119,-0.000354963069104474
66,Morgan_bit_644,Ligand,0.005061789830486685,-0.0031935509293270327
67,Morgan_bit_774,Ligand,0.005017312810216971,-0.005017312810216971
68,Morgan_bit_177,Ligand,0.004970475264938687,-0.004970475264938687
69,Morgan_bit_269,Ligand,0.004941261820334618,-0.0004933686117060815
70,Morgan_bit_769,Ligand,0.004878044417081278,-0.004425669131069271
71,Morgan_bit_610,Ligand,0.0048617984652296,-0.0048617984652296
72,Morgan_bit_558,Ligand,0.00484888851243905,0.00484888851243905
73,Morgan_bit_698,Ligand,0.004800422479026451,-0.0024511558917868132
74,Morgan_bit_480,Ligand,0.004763146446665343,0.004763146446665343
75,Morgan_bit_737,Ligand,0.004684067914248026,0.004684067914248026
76,Morgan_bit_966,Ligand,0.004670057003308232,-0.0023362576204510365
77,Morgan_bit_927,Ligand,0.004655573819595342,0.004655573819595342
78,Morgan_bit_473,Ligand,0.004612761414572385,0.004612761414572385
79,Morgan_bit_379,Ligand,0.0045430657677040685,-0.003244386544271853
80,Morgan_bit_786,Ligand,0.004490940343931197,-0.0025774982448171857
81,Morgan_bit_134,Ligand,0.004453112984182472,-0.004453112984182472
82,Morgan_bit_512,Ligand,0.004427373176159483,-0.00415782572585958
83,Morgan_bit_304,Ligand,0.004398549640888728,0.004398549640888728
84,Morgan_bit_463,Ligand,0.004310062924681284,0.004310062924681284
85,Morgan_bit_231,Ligand,0.004268132201480505,0.004268132201480505
86,Morgan_bit_331,Ligand,0.004244967216519557,-0.004244967216519557
87,Morgan_bit_350,Ligand,0.004218495043007275,0.004218495043007275
88,Morgan_bit_121,Ligand,0.004199985856034645,-5.050829769380604e-05
89,Morgan_bit_136,Ligand,0.004158296646748498,0.004158296646748498
90,Morgan_bit_39,Ligand,0.0040968668807987935,0.0040968668807987935
91,Morgan_bit_547,Ligand,0.004075535082976697,-0.0013594719165718001
92,Morgan_bit_128,Ligand,0.0040362566912587675,-0.00016016304342424543
93,Morgan_bit_421,Ligand,0.004035934983930968,-0.00029412118734402186
94,Morgan_bit_967,Ligand,0.004034271719773649,0.0002775544401663034
95,Morgan_bit_544,Ligand,0.004031576058675019,-0.004031576058675019
96,Morgan_bit_656,Ligand,0.003972885448502792,0.003972885448502792
97,Morgan_bit_199,Ligand,0.003932601060709296,-0.003932601060709296
98,Morgan_bit_860,Ligand,0.003911811565497796,-0.003911811565497796
99,Morgan_bit_278,Ligand,0.0038509219174836192,0.0038509219174836192
100,Morgan_bit_715,Ligand,0.0038486572056547633,0.0038486572056547633
101,Morgan_bit_650,Ligand,0.0038453832333265893,-0.0014154619031535403
102,Morgan_bit_392,Ligand,0.0038310763545734454,0.0038310763545734454
103,Morgan_bit_565,Ligand,0.0038251751268819135,0.001395111522206852
104,Morgan_bit_88,Ligand,0.0037862555105747735,-0.0022532842938792017
105,Morgan_bit_887,Ligand,0.0037808402776551703,0.0037808402776551703
106,Morgan_bit_249,Ligand,0.003761850657376811,-0.0008478072824484416
107,Morgan_bit_849,Ligand,0.0037578339534631495,-0.0037578339534631495
108,Morgan_bit_735,Ligand,0.003746520045585866,-0.003746520045585866
109,Morgan_bit_605,Ligand,0.0037459593720385155,0.0037459593720385155
110,Morgan_bit_57,Ligand,0.0037435718953767448,0.0013481618066847455
111,Morgan_bit_921,Ligand,0.0036921112548871046,0.0036921112548871046
112,Morgan_bit_906,Ligand,0.003691116823404255,-0.0003794380375548252
113,Morgan_bit_436,Ligand,0.0035673046334746246,0.0035673046334746246
114,Morgan_bit_364,Ligand,0.0035649377709412343,-0.0035649377709412343
115,Morgan_bit_214,Ligand,0.0035630001970017185,0.0035630001970017185
116,Morgan_bit_67,Ligand,0.0035268888539215877,0.0035268888539215877
117,Morgan_bit_195,Ligand,0.003491418713487003,-0.002409478302423068
118,Morgan_bit_749,Ligand,0.003455578058180422,0.003455578058180422
119,Morgan_bit_829,Ligand,0.003453621076872673,0.003453621076872673
120,Morgan_bit_797,Ligand,0.003363882444462113,0.003363882444462113
121,Morgan_bit_899,Ligand,0.00335671213652513,0.00335671213652513
122,Morgan_bit_730,Ligand,0.003317987896356063,0.003317987896356063
123,Morgan_bit_706,Ligand,0.0033008736208441393,-0.0033008736208441393
124,Morgan_bit_796,Ligand,0.0032956070682898554,-0.0026690069645206246
125,Morgan_bit_406,Ligand,0.0032506800891000014,-0.0032506800891000014
126,Morgan_bit_407,Ligand,0.003244432164302066,-0.00040791507268185073
127,Morgan_bit_554,Ligand,0.003242962917920829,-0.0013967489386769905
128,Morgan_bit_139,Ligand,0.0032244297619670216,0.0032244297619670216
129,Morgan_bit_378,Ligand,0.003203679203569944,-0.0006095720472274789
130,Morgan_bit_620,Ligand,0.0031873246029521145,0.0031873246029521145
131,Morgan_bit_607,Ligand,0.003186672572688614,-0.003186672572688614
132,Morgan_bit_674,Ligand,0.003172682716010276,0.003172682716010276
133,Morgan_bit_784,Ligand,0.0031708790347375997,0.0031708790347375997
134,Morgan_bit_586,Ligand,0.003139810704714938,0.003139810704714938
135,Morgan_bit_611,Ligand,0.0031355999576908266,0.0031355999576908266
136,Morgan_bit_117,Ligand,0.003127349804542315,0.003127349804542315
137,Morgan_bit_1009,Ligand,0.0031229745700223945,-0.0031229745700223945
138,Morgan_bit_971,Ligand,0.0030941018615214142,-0.0030941018615214142
139,Morgan_bit_282,Ligand,0.003050061619044514,-0.003050061619044514
140,Morgan_bit_222,Ligand,0.0030336504097767895,0.0030336504097767895
141,Morgan_bit_271,Ligand,0.0030227893164283966,0.0030227893164283966
142,Morgan_bit_896,Ligand,0.0030175741757997535,-0.0030175741757997535
143,Morgan_bit_218,Ligand,0.00301243999668046,0.00301243999668046
144,Morgan_bit_434,Ligand,0.0030123509931091128,-0.0030123509931091128
145,Morgan_bit_158,Ligand,0.0029944218797900097,0.0009113940707323357
146,Morgan_bit_941,Ligand,0.002993666080604063,-0.002993666080604063
147,Morgan_bit_841,Ligand,0.002985760407681252,0.002985760407681252
148,Morgan_bit_831,Ligand,0.002952298457878745,0.002952298457878745
149,Morgan_bit_1014,Ligand,0.0029476372243599515,0.0029476372243599515
150,Morgan_bit_112,Ligand,0.0028917981391646955,0.0028917981391646955
151,Morgan_bit_335,Ligand,0.002869115658622333,-0.002869115658622333
152,Morgan_bit_956,Ligand,0.002849293004081664,-0.0023301945291272722
153,Morgan_bit_447,Ligand,0.0028310533785290935,0.0028310533785290935
154,Morgan_bit_27,Ligand,0.0028273271319380093,0.0028273271319380093
155,Morgan_bit_566,Ligand,0.0028012696789791276,-0.0028012696789791276
156,Morgan_bit_602,Ligand,0.0028005340874766916,0.0028005340874766916
157,Morgan_bit_614,Ligand,0.0027919797363860346,0.002056054288883992
158,Morgan_bit_989,Ligand,0.00277430771302569,0.00277430771302569
159,Morgan_bit_216,Ligand,0.002761858138679708,-0.002761858138679708
160,Morgan_bit_283,Ligand,0.0027539945256291596,-0.0007384170248933323
161,Morgan_bit_1,Ligand,0.0027485604345841514,-0.0027485604345841514
162,Morgan_bit_909,Ligand,0.002746132074681019,0.002746132074681019
163,Morgan_bit_466,Ligand,0.0027453513251309803,0.0027453513251309803
164,Morgan_bit_122,Ligand,0.0027248325267190112,0.0027248325267190112
165,Morgan_bit_428,Ligand,0.0027237900656536212,0.0027237900656536212
166,Morgan_bit_11,Ligand,0.0027196026826414557,-0.0027196026826414557
167,Morgan_bit_673,Ligand,0.0027051445602885712,0.0027051445602885712
168,Morgan_bit_96,Ligand,0.002667367520109954,0.002667367520109954
169,Morgan_bit_527,Ligand,0.0026382457797046654,0.0026382457797046654
170,Morgan_bit_855,Ligand,0.002636098775584416,-0.002105313157517626
171,Morgan_bit_496,Ligand,0.0026314753834152894,0.0026314753834152894
172,Morgan_bit_712,Ligand,0.0026219973711325887,0.0026219973711325887
173,Morgan_bit_980,Ligand,0.002598080664112895,0.002598080664112895
174,Morgan_bit_744,Ligand,0.0025464402348367747,0.0025464402348367747
175,Morgan_bit_223,Ligand,0.0025415869310058937,-0.0025415869310058937
176,Morgan_bit_361,Ligand,0.0025268717121080127,0.0008412264602441454
177,Morgan_bit_521,Ligand,0.0025103956209141373,0.0025103956209141373
178,Morgan_bit_268,Ligand,0.002493376615298263,0.002493376615298263
179,Morgan_bit_299,Ligand,0.0024670252275880555,-0.0024670252275880555
180,Protein_position_63,Protein,0.002445686420641089,-0.0016152452271500424
181,Morgan_bit_935,Ligand,0.0024436911903462587,-0.0024436911903462587
182,Morgan_bit_560,Ligand,0.0024222731754375056,0.0012845572342879165
183,Morgan_bit_534,Ligand,0.0023527525074171344,-0.001207060081749266
184,Morgan_bit_807,Ligand,0.002345653520405419,0.002345653520405419
185,Morgan_bit_102,Ligand,0.0023196303179040525,-0.0023196303179040525
186,Morgan_bit_654,Ligand,0.0023174648173157897,-0.0023174648173157897
187,Morgan_bit_452,Ligand,0.0022891962530903103,0.0022891962530903103
188,Morgan_bit_790,Ligand,0.002280957164668107,-0.0001659101146821604
189,Morgan_bit_879,Ligand,0.002279934545106457,0.002279934545106457
190,Morgan_bit_175,Ligand,0.0022531483815843778,-0.0013371098236363507
191,Morgan_bit_240,Ligand,0.0022505977509500517,-0.0022505977509500517
192,Morgan_bit_893,Ligand,0.002238509810341428,-0.002238509810341428
193,Morgan_bit_24,Ligand,0.0022256829733983503,-0.0022256829733983503
194,Morgan_bit_858,Ligand,0.0021817392283543626,0.0021817392283543626
195,Morgan_bit_875,Ligand,0.002175460177479284,0.0008306451390165178
196,Morgan_bit_373,Ligand,0.0021620966258376877,0.0021620966258376877
197,Morgan_bit_15,Ligand,0.002136762742619835,0.002136762742619835
198,Morgan_bit_75,Ligand,0.0021278982503474533,-0.0007495635687697836
199,Morgan_bit_97,Ligand,0.0021276245776594123,0.0021276245776594123
200,Morgan_bit_374,Ligand,0.0021073819346446596,0.0021073819346446596
201,Morgan_bit_974,Ligand,0.0021024407385093783,-0.0021024407385093783
202,Morgan_bit_574,Ligand,0.0020915606582437955,-0.0020915606582437955
203,Morgan_bit_184,Ligand,0.0020723603247133114,0.0020723603247133114
204,Morgan_bit_802,Ligand,0.0020640652596690527,-0.0004333822647879711
205,Morgan_bit_561,Ligand,0.0020585331070866477,0.000905477659588693
206,Morgan_bit_628,Ligand,0.002011453578337295,0.002011453578337295
207,Morgan_bit_729,Ligand,0.002010595449855347,0.002010595449855347
208,Morgan_bit_258,Ligand,0.001989637449060369,-0.001989637449060369
209,Morgan_bit_639,Ligand,0.001983321882504089,-0.001983321882504089
210,Morgan_bit_375,Ligand,0.0019543654038671654,0.0019543654038671654
211,Morgan_bit_585,Ligand,0.001924416770332555,-0.00027068787870937385
212,Morgan_bit_814,Ligand,0.0019187985817416867,0.0019187985817416867
213,Morgan_bit_4,Ligand,0.001899155552156822,-0.001899155552156822
214,Morgan_bit_710,Ligand,0.0018950251404241073,0.0018950251404241073
215,Morgan_bit_1001,Ligand,0.0018709526066639608,0.0018709526066639608
216,Morgan_bit_82,Ligand,0.001850836759708217,0.001850836759708217
217,Morgan_bit_89,Ligand,0.0018322324037141177,0.0018322324037141177
218,Morgan_bit_511,Ligand,0.001808793750444433,0.001808793750444433
219,Morgan_bit_440,Ligand,0.0018071900010128913,0.0018071900010128913
220,Morgan_bit_382,Ligand,0.0018019069899576656,-0.0018019069899576656
221,Morgan_bit_119,Ligand,0.0017971574958331221,0.0017971574958331221
222,Morgan_bit_636,Ligand,0.0017873428183364452,0.0017873428183364452
223,Morgan_bit_338,Ligand,0.0017806667542445795,0.0017806667542445795
224,Morgan_bit_852,Ligand,0.001777471789385547,0.001777471789385547
225,Morgan_bit_922,Ligand,0.0017643387837898937,0.0017643387837898937
226,Morgan_bit_1002,Ligand,0.0017603965325292611,0.0017603965325292611
227,Morgan_bit_679,Ligand,0.0017586166384405758,0.0017586166384405758
228,Morgan_bit_816,Ligand,0.0017540334271408376,0.0017540334271408376
229,Morgan_bit_531,Ligand,0.0017532508542567413,0.0017532508542567413
230,Morgan_bit_236,Ligand,0.001747335545584051,-0.001747335545584051
231,Morgan_bit_569,Ligand,0.0017310675854324644,-0.0017310675854324644
232,Morgan_bit_745,Ligand,0.0017205869363749154,-0.0017205869363749154
233,Morgan_bit_563,Ligand,0.0017012293351239493,0.0017012293351239493
234,Morgan_bit_889,Ligand,0.001697828484389247,0.001697828484389247
235,Morgan_bit_294,Ligand,0.0016912451217794174,0.0016912451217794174
236,Morgan_bit_1017,Ligand,0.0016861763624920333,0.0016861763624920333
237,Morgan_bit_69,Ligand,0.001681858466185964,-0.001681858466185964
238,Morgan_bit_890,Ligand,0.0016789889221141582,-0.0007011624761095681
239,Morgan_bit_528,Ligand,0.0016769861514755982,0.0016769861514755982
240,Morgan_bit_386,Ligand,0.0016447779775732806,-0.0016447779775732806
241,Morgan_bit_625,Ligand,0.0016404702336029107,0.0016404702336029107
242,Morgan_bit_781,Ligand,0.0016090878189639502,0.0016090878189639502
243,Morgan_bit_261,Ligand,0.0016030441539145197,-0.0004932606520624608
244,Morgan_bit_80,Ligand,0.0015857831568153753,0.0015857831568153753
245,Morgan_bit_666,Ligand,0.0015260526986577787,0.0015260526986577787
246,Morgan_bit_968,Ligand,0.001514471321997836,0.000553372683945502
247,Morgan_bit_147,Ligand,0.0014965448928552516,-0.0014965448928552516
248,Morgan_bit_310,Ligand,0.00149303454706259,-0.0010690124487732315
249,Morgan_bit_999,Ligand,0.001475760520853736,0.001475760520853736
250,Morgan_bit_840,Ligand,0.001434085481835452,0.001434085481835452
251,Morgan_bit_694,Ligand,0.0014340795429183372,0.00020895504548517778
252,Morgan_bit_728,Ligand,0.0014286014231438772,-0.0014286014231438772
253,Morgan_bit_764,Ligand,0.001425542310418468,-0.001425542310418468
254,Morgan_bit_960,Ligand,0.0014164791016092156,-0.0014164791016092156
255,Morgan_bit_437,Ligand,0.0013979606751362318,0.0005682817626111359
256,Morgan_bit_200,Ligand,0.001355710327485844,0.001355710327485844
257,Morgan_bit_72,Ligand,0.0013540243190486483,0.0013540243190486483
258,Morgan_bit_833,Ligand,0.001320886310454708,0.001320886310454708
259,Morgan_bit_293,Ligand,0.0013208400478229632,0.0013208400478229632
260,Morgan_bit_672,Ligand,0.0013071685398241555,0.0013071685398241555
261,Morgan_bit_575,Ligand,0.0012806947591740782,-0.0012806947591740782
262,Morgan_bit_540,Ligand,0.0012749144182553243,0.0012749144182553243
263,Morgan_bit_416,Ligand,0.0012689810913380855,-0.0012689810913380855
264,Morgan_bit_976,Ligand,0.0012620407081646533,-0.0012620407081646533
265,Morgan_bit_274,Ligand,0.0012406259263480475,0.0012406259263480475
266,Morgan_bit_726,Ligand,0.0012379083749846464,-0.0012379083749846464
267,Morgan_bit_315,Ligand,0.0012188115839483244,-0.0012188115839483244
268,Morgan_bit_739,Ligand,0.0012126107892229867,0.000820625461916771
269,Morgan_bit_723,Ligand,0.0011938390092987917,-0.0011938390092987917
270,Morgan_bit_505,Ligand,0.0011916215372195522,0.0011916215372195522
271,Morgan_bit_93,Ligand,0.0011749064572096108,0.0011749064572096108
272,Morgan_bit_972,Ligand,0.0011657450064044813,0.0011657450064044813
273,Morgan_bit_699,Ligand,0.001164304648521065,0.001164304648521065
274,Morgan_bit_868,Ligand,0.0011623651044798135,0.00046587197360181497
275,Morgan_bit_187,Ligand,0.0011339694826670093,0.0011339694826670093
276,Morgan_bit_947,Ligand,0.001115552610562054,-0.001115552610562054
277,Morgan_bit_820,Ligand,0.001112971184887849,-0.001112971184887849
278,Morgan_bit_201,Ligand,0.0011027355361663573,-0.0011027355361663573
279,Morgan_bit_349,Ligand,0.0010675580963103834,0.0010675580963103834
280,Morgan_bit_460,Ligand,0.0010255810291578602,0.0010255810291578602
281,Morgan_bit_286,Ligand,0.0010220651258274465,0.0010220651258274465
282,Morgan_bit_598,Ligand,0.0009880993834801908,-0.0009880993834801908
283,Morgan_bit_152,Ligand,0.0009849960499730443,-0.0009849960499730443
284,Morgan_bit_835,Ligand,0.0009721688983156359,-0.0009721688983156359
285,Morgan_bit_601,Ligand,0.0009675420409207991,0.0009675420409207991
286,Morgan_bit_456,Ligand,0.0009561097082137034,0.0009561097082137034
287,Morgan_bit_766,Ligand,0.000952325064111551,-0.0005529178703597357
288,Morgan_bit_741,Ligand,0.0009476277657571235,-0.0009476277657571235
289,Morgan_bit_714,Ligand,0.0009261203084208605,0.0009261203084208605
290,Morgan_bit_356,Ligand,0.0009218278952014885,0.0009218278952014885
291,Morgan_bit_217,Ligand,0.0009205227021509713,0.0009205227021509713
292,Morgan_bit_633,Ligand,0.0009202119579681716,-0.0004611306777548993
293,Morgan_bit_322,Ligand,0.0008983191870446166,-0.0008983191870446166
294,Morgan_bit_537,Ligand,0.0008965378945913829,0.0008965378945913829
295,Morgan_bit_133,Ligand,0.000875271852632716,0.000875271852632716
296,Morgan_bit_635,Ligand,0.0008460188266921911,0.0008460188266921911
297,Morgan_bit_381,Ligand,0.0008424456363981366,0.0007490057620696191
298,Morgan_bit_171,Ligand,0.0008333894842481145,0.0008333894842481145
299,Morgan_bit_895,Ligand,0.0008299771728423869,0.0008299771728423869
300,Morgan_bit_950,Ligand,0.0008105731569361875,-0.0008105731569361875
301,Morgan_bit_489,Ligand,0.0008020344248949038,0.0008020344248949038
302,Morgan_bit_578,Ligand,0.0007964381303270818,-0.0007964381303270818
303,Morgan_bit_360,Ligand,0.0007945816222763264,-0.0007945816222763264
304,Morgan_bit_801,Ligand,0.0007920714728396075,0.0007920714728396075
305,Morgan_bit_1019,Ligand,0.0007811016741599756,-0.0007811016741599756
306,Morgan_bit_183,Ligand,0.0007523376527843745,0.0007523376527843745
307,Morgan_bit_782,Ligand,0.0007474432205499636,-0.0007474432205499636
308,Morgan_bit_700,Ligand,0.0007400423992673447,0.0007400423992673447
309,Morgan_bit_74,Ligand,0.0007094094718647331,0.0007094094718647331
310,Morgan_bit_398,Ligand,0.0007033734159864268,-0.0007033734159864268
311,Morgan_bit_285,Ligand,0.0007024422798249024,-0.0007024422798249024
312,Morgan_bit_45,Ligand,0.0006763417687115048,-0.0006763417687115048
313,Morgan_bit_464,Ligand,0.0006731909686570123,-0.0006731909686570123
314,Morgan_bit_523,Ligand,0.0006664756294387281,-0.0006664756294387281
315,Morgan_bit_267,Ligand,0.0006598680833141552,-0.0006598680833141552
316,Morgan_bit_445,Ligand,0.0006502295253301229,0.0006502295253301229
317,Morgan_bit_345,Ligand,0.0006452861939865736,0.0006452861939865736
318,Morgan_bit_767,Ligand,0.0006398449917035436,0.0006398449917035436
319,Morgan_bit_695,Ligand,0.0006271397442134443,0.0006271397442134443
320,Morgan_bit_555,Ligand,0.0006252085210051181,-0.0006252085210051181
321,Morgan_bit_606,Ligand,0.0006128097767179434,0.0006128097767179434
322,Morgan_bit_324,Ligand,0.000599609092812302,-0.000599609092812302
323,Morgan_bit_191,Ligand,0.0005912126588934264,0.0005912126588934264
324,Morgan_bit_393,Ligand,0.0005816156580807652,0.0005816156580807652
325,Morgan_bit_326,Ligand,0.000581168510399476,-0.000581168510399476
326,Morgan_bit_255,Ligand,0.0005563816175216499,-0.0005563816175216499
327,Morgan_bit_64,Ligand,0.0005512027068592546,0.0005512027068592546
328,Morgan_bit_31,Ligand,0.0005476784074185187,0.0005476784074185187
329,Morgan_bit_579,Ligand,0.0005420015096558766,0.0005420015096558766
330,Morgan_bit_438,Ligand,0.0005385981663657573,-0.0005385981663657573
331,Morgan_bit_552,Ligand,0.0005339859717847071,0.0005339859717847071
332,Morgan_bit_288,Ligand,0.0004672981148713507,-0.0004672981148713507
333,Morgan_bit_162,Ligand,0.0004500616013001789,-0.0004500616013001789
334,Morgan_bit_17,Ligand,0.00042740709363871417,-0.00042740709363871417
335,Morgan_bit_387,Ligand,0.00040728620495440157,-0.00040728620495440157
336,Morgan_bit_165,Ligand,0.00039583841342539724,0.00039583841342539724
337,Morgan_bit_319,Ligand,0.0003894615813292671,-0.0003894615813292671
338,Morgan_bit_615,Ligand,0.0003863555091705893,-0.0003863555091705893
339,Morgan_bit_84,Ligand,0.000384997763506469,-0.000384997763506469
340,Morgan_bit_48,Ligand,0.00037831147536056736,-0.00037831147536056736
341,Morgan_bit_225,Ligand,0.00036355866675422577,0.00036355866675422577
342,Morgan_bit_978,Ligand,0.00036329650692199937,0.00036329650692199937
343,Morgan_bit_724,Ligand,0.0003499425898149867,0.0003499425898149867
344,Morgan_bit_250,Ligand,0.0003346304606452022,0.0003346304606452022
345,Morgan_bit_785,Ligand,0.000302559244657814,0.000302559244657814
346,Morgan_bit_170,Ligand,0.000298591549512,-0.000298591549512
347,Morgan_bit_721,Ligand,0.00029720345269979373,-0.00029720345269979373
348,Morgan_bit_937,Ligand,0.0002523486412015955,-0.0002523486412015955
349,Morgan_bit_448,Ligand,0.00021718056701945966,0.00021718056701945966
350,Morgan_bit_753,Ligand,0.00021070058412939432,0.00021070058412939432
351,Morgan_bit_588,Ligand,0.00018614497011933305,0.00018614497011933305
352,Morgan_bit_750,Ligand,0.0001594450690230512,0.0001594450690230512
353,Morgan_bit_881,Ligand,0.00015691377269893913,0.00015691377269893913
354,Morgan_bit_788,Ligand,0.0001540126340195714,0.0001540126340195714
355,Morgan_bit_237,Ligand,0.00012038719972867849,0.00012038719972867849
356,Morgan_bit_687,Ligand,9.417164177443759e-05,-9.417164177443759e-05
357,Morgan_bit_504,Ligand,7.40870714737525e-05,7.40870714737525e-05
358,Morgan_bit_946,Ligand,6.278316341474548e-05,-6.278316341474548e-05
359,Morgan_bit_869,Ligand,5.229997419114858e-05,-5.229997419114858e-05
360,Morgan_bit_886,Ligand,5.191242599937347e-05,-5.191242599937347e-05
361,Morgan_bit_845,Ligand,0.0,0.0
362,Morgan_bit_837,Ligand,0.0,0.0
363,Protein_position_311,Protein,0.0,0.0
364,Morgan_bit_953,Ligand,0.0,0.0
365,Morgan_bit_954,Ligand,0.0,0.0
366,Morgan_bit_955,Ligand,0.0,0.0
367,Protein_position_256,Protein,0.0,0.0
368,Protein_position_264,Protein,0.0,0.0
369,Morgan_bit_952,Ligand,0.0,0.0
370,Protein_position_255,Protein,0.0,0.0
371,Morgan_bit_938,Ligand,0.0,0.0
372,Morgan_bit_957,Ligand,0.0,0.0
373,Protein_position_306,Protein,0.0,0.0
374,Protein_position_312,Protein,0.0,0.0
375,Morgan_bit_958,Ligand,0.0,0.0
376,Morgan_bit_959,Ligand,0.0,0.0
377,Morgan_bit_836,Ligand,0.0,0.0
378,Protein_position_263,Protein,0.0,0.0
379,Protein_position_257,Protein,0.0,0.0
380,Morgan_bit_951,Ligand,0.0,0.0
381,Protein_position_262,Protein,0.0,0.0
382,Morgan_bit_945,Ligand,0.0,0.0
383,Morgan_bit_944,Ligand,0.0,0.0
384,Morgan_bit_844,Ligand,0.0,0.0
385,Protein_position_308,Protein,0.0,0.0
386,Morgan_bit_846,Ligand,0.0,0.0
387,Morgan_bit_843,Ligand,0.0,0.0
388,Protein_position_261,Protein,0.0,0.0
389,Protein_position_260,Protein,0.0,0.0
390,Morgan_bit_943,Ligand,0.0,0.0
391,Protein_position_307,Protein,0.0,0.0
392,Morgan_bit_942,Ligand,0.0,0.0
393,Morgan_bit_949,Ligand,0.0,0.0
394,Protein_position_309,Protein,0.0,0.0
395,Morgan_bit_839,Ligand,0.0,0.0
396,Protein_position_259,Protein,0.0,0.0
397,Protein_position_310,Protein,0.0,0.0
398,Protein_position_258,Protein,0.0,0.0
399,Morgan_bit_948,Ligand,0.0,0.0
400,Protein_position_291,Protein,0.0,0.0
401,Protein_position_254,Protein,0.0,0.0
402,Protein_position_241,Protein,0.0,0.0
403,Protein_position_245,Protein,0.0,0.0
404,Morgan_bit_973,Ligand,0.0,0.0
405,Morgan_bit_825,Ligand,0.0,0.0
406,Morgan_bit_824,Ligand,0.0,0.0
407,Protein_position_244,Protein,0.0,0.0
408,Protein_position_243,Protein,0.0,0.0
409,Morgan_bit_823,Ligand,0.0,0.0
410,Protein_position_242,Protein,0.0,0.0
411,Morgan_bit_975,Ligand,0.0,0.0
412,Protein_position_319,Protein,0.0,0.0
413,Morgan_bit_826,Ligand,0.0,0.0
414,Morgan_bit_977,Ligand,0.0,0.0
415,Morgan_bit_822,Ligand,0.0,0.0
416,Morgan_bit_821,Ligand,0.0,0.0
417,Morgan_bit_819,Ligand,0.0,0.0
418,Morgan_bit_818,Ligand,0.0,0.0
419,Morgan_bit_817,Ligand,0.0,0.0
420,Morgan_bit_979,Ligand,0.0,0.0
421,Protein_position_240,Protein,0.0,0.0
422,Morgan_bit_981,Ligand,0.0,0.0
423,Protein_position_246,Protein,0.0,0.0
424,Protein_position_247,Protein,0.0,0.0
425,Protein_position_253,Protein,0.0,0.0
426,Protein_position_250,Protein,0.0,0.0
427,Protein_position_252,Protein,0.0,0.0
428,Morgan_bit_961,Ligand,0.0,0.0
429,Morgan_bit_962,Ligand,0.0,0.0
430,Morgan_bit_963,Ligand,0.0,0.0
431,Morgan_bit_965,Ligand,0.0,0.0
432,Protein_position_313,Protein,0.0,0.0
433,Morgan_bit_834,Ligand,0.0,0.0
434,Morgan_bit_832,Ligand,0.0,0.0
435,Protein_position_251,Protein,0.0,0.0
436,Protein_position_249,Protein,0.0,0.0
437,Morgan_bit_827,Ligand,0.0,0.0
438,Protein_position_314,Protein,0.0,0.0
439,Protein_position_315,Protein,0.0,0.0
440,Morgan_bit_969,Ligand,0.0,0.0
441,Morgan_bit_970,Ligand,0.0,0.0
442,Protein_position_316,Protein,0.0,0.0
443,Protein_position_317,Protein,0.0,0.0
444,Protein_position_248,Protein,0.0,0.0
445,Protein_position_318,Protein,0.0,0.0
446,Morgan_bit_828,Ligand,0.0,0.0
447,Morgan_bit_964,Ligand,0.0,0.0
448,Morgan_bit_933,Ligand,0.0,0.0
449,Morgan_bit_936,Ligand,0.0,0.0
450,Protein_position_283,Protein,0.0,0.0
451,Protein_position_296,Protein,0.0,0.0
452,Protein_position_282,Protein,0.0,0.0
453,Morgan_bit_897,Ligand,0.0,0.0
454,Morgan_bit_898,Ligand,0.0,0.0
455,Protein_position_281,Protein,0.0,0.0
456,Morgan_bit_900,Ligand,0.0,0.0
457,Morgan_bit_901,Ligand,0.0,0.0
458,Protein_position_239,Protein,0.0,0.0
459,Protein_position_280,Protein,0.0,0.0
460,Protein_position_297,Protein,0.0,0.0
461,Protein_position_298,Protein,0.0,0.0
462,Morgan_bit_867,Ligand,0.0,0.0
463,Morgan_bit_902,Ligand,0.0,0.0
464,Morgan_bit_903,Ligand,0.0,0.0
465,Morgan_bit_866,Ligand,0.0,0.0
466,Morgan_bit_865,Ligand,0.0,0.0
467,Protein_position_279,Protein,0.0,0.0
468,Morgan_bit_905,Ligand,0.0,0.0
469,Protein_position_278,Protein,0.0,0.0
470,Protein_position_277,Protein,0.0,0.0
471,Protein_position_276,Protein,0.0,0.0
472,Morgan_bit_894,Ligand,0.0,0.0
473,Morgan_bit_892,Ligand,0.0,0.0
474,Protein_position_300,Protein,0.0,0.0
475,Protein_position_284,Protein,0.0,0.0
476,Morgan_bit_877,Ligand,0.0,0.0
477,Morgan_bit_876,Ligand,0.0,0.0
478,Protein_position_290,Protein,0.0,0.0
479,Protein_position_289,Protein,0.0,0.0
480,Morgan_bit_880,Ligand,0.0,0.0
481,Protein_position_293,Protein,0.0,0.0
482,Morgan_bit_882,Ligand,0.0,0.0
483,Protein_position_288,Protein,0.0,0.0
484,Morgan_bit_874,Ligand,0.0,0.0
485,Morgan_bit_883,Ligand,0.0,0.0
486,Protein_position_287,Protein,0.0,0.0
487,Morgan_bit_885,Ligand,0.0,0.0
488,Protein_position_286,Protein,0.0,0.0
489,Morgan_bit_873,Ligand,0.0,0.0
490,Morgan_bit_872,Ligand,0.0,0.0
491,Protein_position_285,Protein,0.0,0.0
492,Morgan_bit_888,Ligand,0.0,0.0
493,Protein_position_294,Protein,0.0,0.0
494,Protein_position_295,Protein,0.0,0.0
495,Morgan_bit_871,Ligand,0.0,0.0
496,Morgan_bit_870,Ligand,0.0,0.0
497,Protein_position_299,Protein,0.0,0.0
498,Morgan_bit_907,Ligand,0.0,0.0
499,Morgan_bit_847,Ligand,0.0,0.0
500,Morgan_bit_857,Ligand,0.0,0.0
501,Morgan_bit_924,Ligand,0.0,0.0
502,Protein_position_268,Protein,0.0,0.0
503,Protein_position_267,Protein,0.0,0.0
504,Morgan_bit_926,Ligand,0.0,0.0
505,Morgan_bit_856,Ligand,0.0,0.0
506,Morgan_bit_928,Ligand,0.0,0.0
507,Protein_position_266,Protein,0.0,0.0
508,Morgan_bit_929,Ligand,0.0,0.0
509,Morgan_bit_930,Ligand,0.0,0.0
510,Protein_position_303,Protein,0.0,0.0
511,Morgan_bit_854,Ligand,0.0,0.0
512,Morgan_bit_931,Ligand,0.0,0.0
513,Protein_position_304,Protein,0.0,0.0
514,Morgan_bit_851,Ligand,0.0,0.0
515,Morgan_bit_850,Ligand,0.0,0.0
516,Morgan_bit_932,Ligand,0.0,0.0
517,Protein_position_305,Protein,0.0,0.0
518,Protein_position_292,Protein,0.0,0.0
519,Morgan_bit_934,Ligand,0.0,0.0
520,Morgan_bit_848,Ligand,0.0,0.0
521,Protein_position_265,Protein,0.0,0.0
522,Morgan_bit_923,Ligand,0.0,0.0
523,Protein_position_269,Protein,0.0,0.0
524,Morgan_bit_863,Ligand,0.0,0.0
525,Morgan_bit_920,Ligand,0.0,0.0
526,Morgan_bit_908,Ligand,0.0,0.0
527,Morgan_bit_862,Ligand,0.0,0.0
528,Protein_position_275,Protein,0.0,0.0
529,Protein_position_274,Protein,0.0,0.0
530,Morgan_bit_861,Ligand,0.0,0.0
531,Protein_position_301,Protein,0.0,0.0
532,Protein_position_273,Protein,0.0,0.0
533,Morgan_bit_911,Ligand,0.0,0.0
534,Morgan_bit_912,Ligand,0.0,0.0
535,Morgan_bit_913,Ligand,0.0,0.0
536,Protein_position_272,Protein,0.0,0.0
537,Morgan_bit_914,Ligand,0.0,0.0
538,Morgan_bit_915,Ligand,0.0,0.0
539,Morgan_bit_916,Ligand,0.0,0.0
540,Morgan_bit_859,Ligand,0.0,0.0
541,Protein_position_271,Protein,0.0,0.0
542,Morgan_bit_917,Ligand,0.0,0.0
543,Protein_position_302,Protein,0.0,0.0
544,Morgan_bit_918,Ligand,0.0,0.0
545,Morgan_bit_919,Ligand,0.0,0.0
546,Protein_position_270,Protein,0.0,0.0
547,Morgan_bit_982,Ligand,0.0,0.0
548,Protein_position_178,Protein,0.0,0.0
549,Morgan_bit_983,Ligand,0.0,0.0
550,Protein_position_111,Protein,0.0,0.0
551,Protein_position_199,Protein,0.0,0.0
552,Protein_position_101,Protein,0.0,0.0
553,Protein_position_198,Protein,0.0,0.0
554,Protein_position_102,Protein,0.0,0.0
555,Protein_position_197,Protein,0.0,0.0
556,Protein_position_103,Protein,0.0,0.0
557,Protein_position_104,Protein,0.0,0.0
558,Protein_position_105,Protein,0.0,0.0
559,Protein_position_196,Protein,0.0,0.0
560,Protein_position_106,Protein,0.0,0.0
561,Protein_position_107,Protein,0.0,0.0
562,Protein_position_108,Protein,0.0,0.0
563,Protein_position_109,Protein,0.0,0.0
564,Protein_position_110,Protein,0.0,0.0
565,Protein_position_112,Protein,0.0,0.0
566,Protein_position_126,Protein,0.0,0.0
567,Protein_position_113,Protein,0.0,0.0
568,Protein_position_114,Protein,0.0,0.0
569,Protein_position_115,Protein,0.0,0.0
570,Protein_position_116,Protein,0.0,0.0
571,Protein_position_117,Protein,0.0,0.0
572,Protein_position_118,Protein,0.0,0.0
573,Protein_position_119,Protein,0.0,0.0
574,Protein_position_120,Protein,0.0,0.0
575,Protein_position_195,Protein,0.0,0.0
576,Protein_position_121,Protein,0.0,0.0
577,Protein_position_122,Protein,0.0,0.0
578,Protein_position_194,Protein,0.0,0.0
579,Protein_position_123,Protein,0.0,0.0
580,Protein_position_124,Protein,0.0,0.0
581,Protein_position_100,Protein,0.0,0.0
582,Protein_position_99,Protein,0.0,0.0
583,Protein_position_98,Protein,0.0,0.0
584,Protein_position_97,Protein,0.0,0.0
585,Protein_position_206,Protein,0.0,0.0
586,Protein_position_205,Protein,0.0,0.0
587,Protein_position_204,Protein,0.0,0.0
588,Protein_position_75,Protein,0.0,0.0
589,Protein_position_76,Protein,0.0,0.0
590,Protein_position_77,Protein,0.0,0.0
591,Protein_position_78,Protein,0.0,0.0
592,Protein_position_79,Protein,0.0,0.0
593,Protein_position_80,Protein,0.0,0.0
594,Protein_position_81,Protein,0.0,0.0
595,Protein_position_82,Protein,0.0,0.0
596,Protein_position_203,Protein,0.0,0.0
597,Protein_position_202,Protein,0.0,0.0
598,Protein_position_83,Protein,0.0,0.0
599,Protein_position_84,Protein,0.0,0.0
600,Protein_position_85,Protein,0.0,0.0
601,Protein_position_86,Protein,0.0,0.0
602,Protein_position_87,Protein,0.0,0.0
603,Protein_position_88,Protein,0.0,0.0
604,Protein_position_201,Protein,0.0,0.0
605,Protein_position_89,Protein,0.0,0.0
606,Protein_position_200,Protein,0.0,0.0
607,Protein_position_90,Protein,0.0,0.0
608,Protein_position_91,Protein,0.0,0.0
609,Protein_position_92,Protein,0.0,0.0
610,Protein_position_93,Protein,0.0,0.0
611,Protein_position_94,Protein,0.0,0.0
612,Protein_position_95,Protein,0.0,0.0
613,Protein_position_96,Protein,0.0,0.0
614,Protein_position_125,Protein,0.0,0.0
615,Protein_position_127,Protein,0.0,0.0
616,Protein_position_73,Protein,0.0,0.0
617,Protein_position_185,Protein,0.0,0.0
618,Protein_position_155,Protein,0.0,0.0
619,Protein_position_156,Protein,0.0,0.0
620,Protein_position_157,Protein,0.0,0.0
621,Protein_position_158,Protein,0.0,0.0
622,Protein_position_159,Protein,0.0,0.0
623,Protein_position_160,Protein,0.0,0.0
624,Protein_position_161,Protein,0.0,0.0
625,Protein_position_186,Protein,0.0,0.0
626,Protein_position_162,Protein,0.0,0.0
627,Protein_position_163,Protein,0.0,0.0
628,Protein_position_164,Protein,0.0,0.0
629,Protein_position_165,Protein,0.0,0.0
630,Protein_position_166,Protein,0.0,0.0
631,Protein_position_167,Protein,0.0,0.0
632,Protein_position_168,Protein,0.0,0.0
633,Protein_position_128,Protein,0.0,0.0
634,Protein_position_169,Protein,0.0,0.0
635,Protein_position_170,Protein,0.0,0.0
636,Protein_position_171,Protein,0.0,0.0
637,Protein_position_172,Protein,0.0,0.0
638,Protein_position_173,Protein,0.0,0.0
639,Protein_position_184,Protein,0.0,0.0
640,Protein_position_183,Protein,0.0,0.0
641,Protein_position_174,Protein,0.0,0.0
642,Protein_position_175,Protein,0.0,0.0
643,Protein_position_182,Protein,0.0,0.0
644,Protein_position_181,Protein,0.0,0.0
645,Protein_position_180,Protein,0.0,0.0
646,Protein_position_176,Protein,0.0,0.0
647,Protein_position_179,Protein,0.0,0.0
648,Protein_position_154,Protein,0.0,0.0
649,Protein_position_153,Protein,0.0,0.0
650,Protein_position_152,Protein,0.0,0.0
651,Protein_position_151,Protein,0.0,0.0
652,Protein_position_193,Protein,0.0,0.0
653,Protein_position_129,Protein,0.0,0.0
654,Protein_position_192,Protein,0.0,0.0
655,Protein_position_130,Protein,0.0,0.0
656,Protein_position_131,Protein,0.0,0.0
657,Protein_position_191,Protein,0.0,0.0
658,Protein_position_132,Protein,0.0,0.0
659,Protein_position_133,Protein,0.0,0.0
660,Protein_position_134,Protein,0.0,0.0
661,Protein_position_190,Protein,0.0,0.0
662,Protein_position_135,Protein,0.0,0.0
663,Protein_position_136,Protein,0.0,0.0
664,Protein_position_137,Protein,0.0,0.0
665,Protein_position_138,Protein,0.0,0.0
666,Protein_position_139,Protein,0.0,0.0
667,Protein_position_189,Protein,0.0,0.0
668,Protein_position_140,Protein,0.0,0.0
669,Protein_position_188,Protein,0.0,0.0
670,Protein_position_187,Protein,0.0,0.0
671,Protein_position_141,Protein,0.0,0.0
672,Protein_position_142,Protein,0.0,0.0
673,Protein_position_143,Protein,0.0,0.0
674,Protein_position_144,Protein,0.0,0.0
675,Protein_position_145,Protein,0.0,0.0
676,Protein_position_146,Protein,0.0,0.0
677,Protein_position_147,Protein,0.0,0.0
678,Protein_position_148,Protein,0.0,0.0
679,Protein_position_149,Protein,0.0,0.0
680,Protein_position_150,Protein,0.0,0.0
681,Protein_position_74,Protein,0.0,0.0
682,Protein_position_207,Protein,0.0,0.0
683,Morgan_bit_984,Ligand,0.0,0.0
684,Protein_position_2,Protein,0.0,0.0
685,Morgan_bit_1013,Ligand,0.0,0.0
686,Protein_position_226,Protein,0.0,0.0
687,Morgan_bit_1015,Ligand,0.0,0.0
688,Protein_position_225,Protein,0.0,0.0
689,Morgan_bit_1016,Ligand,0.0,0.0
690,Morgan_bit_1018,Ligand,0.0,0.0
691,Protein_position_224,Protein,0.0,0.0
692,Protein_position_223,Protein,0.0,0.0
693,Protein_position_222,Protein,0.0,0.0
694,Morgan_bit_1020,Ligand,0.0,0.0
695,Morgan_bit_1021,Ligand,0.0,0.0
696,Morgan_bit_1022,Ligand,0.0,0.0
697,Morgan_bit_1023,Ligand,0.0,0.0
698,Protein_position_1,Protein,0.0,0.0
699,Protein_position_3,Protein,0.0,0.0
700,Protein_position_218,Protein,0.0,0.0
701,Protein_position_4,Protein,0.0,0.0
702,Protein_position_5,Protein,0.0,0.0
703,Protein_position_6,Protein,0.0,0.0
704,Protein_position_7,Protein,0.0,0.0
705,Protein_position_8,Protein,0.0,0.0
706,Protein_position_9,Protein,0.0,0.0
707,Protein_position_221,Protein,0.0,0.0
708,Protein_position_10,Protein,0.0,0.0
709,Protein_position_11,Protein,0.0,0.0
710,Protein_position_12,Protein,0.0,0.0
711,Protein_position_13,Protein,0.0,0.0
712,Protein_position_220,Protein,0.0,0.0
713,Protein_position_14,Protein,0.0,0.0
714,Protein_position_219,Protein,0.0,0.0
715,Morgan_bit_1012,Ligand,0.0,0.0
716,Morgan_bit_1011,Ligand,0.0,0.0
717,Morgan_bit_1010,Ligand,0.0,0.0
718,Protein_position_227,Protein,0.0,0.0
719,Protein_position_238,Protein,0.0,0.0
720,Morgan_bit_985,Ligand,0.0,0.0
721,Morgan_bit_986,Ligand,0.0,0.0
722,Morgan_bit_987,Ligand,0.0,0.0
723,Morgan_bit_988,Ligand,0.0,0.0
724,Protein_position_237,Protein,0.0,0.0
725,Protein_position_236,Protein,0.0,0.0
726,Morgan_bit_990,Ligand,0.0,0.0
727,Protein_position_235,Protein,0.0,0.0
728,Morgan_bit_991,Ligand,0.0,0.0
729,Morgan_bit_992,Ligand,0.0,0.0
730,Morgan_bit_993,Ligand,0.0,0.0
731,Morgan_bit_994,Ligand,0.0,0.0
732,Protein_position_234,Protein,0.0,0.0
733,Morgan_bit_995,Ligand,0.0,0.0
734,Protein_position_233,Protein,0.0,0.0
735,Protein_position_232,Protein,0.0,0.0
736,Morgan_bit_997,Ligand,0.0,0.0
737,Protein_position_231,Protein,0.0,0.0
738,Morgan_bit_998,Ligand,0.0,0.0
739,Morgan_bit_1000,Ligand,0.0,0.0
740,Morgan_bit_1003,Ligand,0.0,0.0
741,Protein_position_177,Protein,0.0,0.0
742,Protein_position_230,Protein,0.0,0.0
743,Morgan_bit_1005,Ligand,0.0,0.0
744,Protein_position_229,Protein,0.0,0.0
745,Morgan_bit_1007,Ligand,0.0,0.0
746,Protein_position_228,Protein,0.0,0.0
747,Morgan_bit_1008,Ligand,0.0,0.0
748,Protein_position_15,Protein,0.0,0.0
749,Protein_position_16,Protein,0.0,0.0
750,Protein_position_72,Protein,0.0,0.0
751,Protein_position_57,Protein,0.0,0.0
752,Protein_position_44,Protein,0.0,0.0
753,Protein_position_45,Protein,0.0,0.0
754,Protein_position_46,Protein,0.0,0.0
755,Protein_position_47,Protein,0.0,0.0
756,Protein_position_48,Protein,0.0,0.0
757,Protein_position_49,Protein,0.0,0.0
758,Protein_position_50,Protein,0.0,0.0
759,Protein_position_51,Protein,0.0,0.0
760,Protein_position_52,Protein,0.0,0.0
761,Protein_position_53,Protein,0.0,0.0
762,Protein_position_54,Protein,0.0,0.0
763,Protein_position_210,Protein,0.0,0.0
764,Protein_position_55,Protein,0.0,0.0
765,Protein_position_56,Protein,0.0,0.0
766,Protein_position_58,Protein,0.0,0.0
767,Protein_position_17,Protein,0.0,0.0
768,Protein_position_59,Protein,0.0,0.0
769,Protein_position_60,Protein,0.0,0.0
770,Protein_position_61,Protein,0.0,0.0
771,Protein_position_62,Protein,0.0,0.0
772,Protein_position_64,Protein,0.0,0.0
773,Protein_position_65,Protein,0.0,0.0
774,Protein_position_209,Protein,0.0,0.0
775,Protein_position_66,Protein,0.0,0.0
776,Protein_position_67,Protein,0.0,0.0
777,Protein_position_208,Protein,0.0,0.0
778,Protein_position_68,Protein,0.0,0.0
779,Protein_position_69,Protein,0.0,0.0
780,Protein_position_70,Protein,0.0,0.0
781,Protein_position_71,Protein,0.0,0.0
782,Protein_position_43,Protein,0.0,0.0
783,Protein_position_211,Protein,0.0,0.0
784,Protein_position_42,Protein,0.0,0.0
785,Protein_position_41,Protein,0.0,0.0
786,Protein_position_18,Protein,0.0,0.0
787,Protein_position_19,Protein,0.0,0.0
788,Protein_position_20,Protein,0.0,0.0
789,Protein_position_21,Protein,0.0,0.0
790,Protein_position_22,Protein,0.0,0.0
791,Protein_position_217,Protein,0.0,0.0
792,Protein_position_23,Protein,0.0,0.0
793,Protein_position_24,Protein,0.0,0.0
794,Protein_position_25,Protein,0.0,0.0
795,Protein_position_216,Protein,0.0,0.0
796,Protein_position_26,Protein,0.0,0.0
797,Protein_position_27,Protein,0.0,0.0
798,Protein_position_28,Protein,0.0,0.0
799,Protein_position_29,Protein,0.0,0.0
800,Protein_position_30,Protein,0.0,0.0
801,Protein_position_31,Protein,0.0,0.0
802,Protein_position_215,Protein,0.0,0.0
803,Protein_position_32,Protein,0.0,0.0
804,Protein_position_214,Protein,0.0,0.0
805,Protein_position_33,Protein,0.0,0.0
806,Protein_position_34,Protein,0.0,0.0
807,Protein_position_35,Protein,0.0,0.0
808,Protein_position_36,Protein,0.0,0.0
809,Protein_position_37,Protein,0.0,0.0
810,Protein_position_213,Protein,0.0,0.0
811,Protein_position_38,Protein,0.0,0.0
812,Protein_position_39,Protein,0.0,0.0
813,Protein_position_40,Protein,0.0,0.0
814,Protein_position_212,Protein,0.0,0.0
815,Morgan_bit_1004,Ligand,0.0,0.0
816,Morgan_bit_0,Ligand,0.0,0.0
817,Morgan_bit_815,Ligand,0.0,0.0
818,Morgan_bit_270,Ligand,0.0,0.0
819,Morgan_bit_248,Ligand,0.0,0.0
820,Morgan_bit_251,Ligand,0.0,0.0
821,Morgan_bit_252,Ligand,0.0,0.0
822,Morgan_bit_253,Ligand,0.0,0.0
823,Morgan_bit_254,Ligand,0.0,0.0
824,Morgan_bit_256,Ligand,0.0,0.0
825,Morgan_bit_257,Ligand,0.0,0.0
826,Morgan_bit_259,Ligand,0.0,0.0
827,Morgan_bit_260,Ligand,0.0,0.0
828,Morgan_bit_262,Ligand,0.0,0.0
829,Morgan_bit_263,Ligand,0.0,0.0
830,Morgan_bit_264,Ligand,0.0,0.0
831,Morgan_bit_265,Ligand,0.0,0.0
832,Morgan_bit_266,Ligand,0.0,0.0
833,Morgan_bit_272,Ligand,0.0,0.0
834,Morgan_bit_813,Ligand,0.0,0.0
835,Morgan_bit_273,Ligand,0.0,0.0
836,Morgan_bit_275,Ligand,0.0,0.0
837,Morgan_bit_276,Ligand,0.0,0.0
838,Morgan_bit_277,Ligand,0.0,0.0
839,Morgan_bit_279,Ligand,0.0,0.0
840,Morgan_bit_280,Ligand,0.0,0.0
841,Morgan_bit_281,Ligand,0.0,0.0
842,Morgan_bit_284,Ligand,0.0,0.0
843,Morgan_bit_287,Ligand,0.0,0.0
844,Morgan_bit_290,Ligand,0.0,0.0
845,Morgan_bit_292,Ligand,0.0,0.0
846,Morgan_bit_295,Ligand,0.0,0.0
847,Morgan_bit_296,Ligand,0.0,0.0
848,Morgan_bit_297,Ligand,0.0,0.0
849,Morgan_bit_247,Ligand,0.0,0.0
850,Morgan_bit_246,Ligand,0.0,0.0
851,Morgan_bit_245,Ligand,0.0,0.0
852,Morgan_bit_244,Ligand,0.0,0.0
853,Morgan_bit_198,Ligand,0.0,0.0
854,Morgan_bit_202,Ligand,0.0,0.0
855,Morgan_bit_204,Ligand,0.0,0.0
856,Morgan_bit_205,Ligand,0.0,0.0
857,Morgan_bit_206,Ligand,0.0,0.0
858,Morgan_bit_207,Ligand,0.0,0.0
859,Morgan_bit_208,Ligand,0.0,0.0
860,Morgan_bit_209,Ligand,0.0,0.0
861,Morgan_bit_210,Ligand,0.0,0.0
862,Morgan_bit_211,Ligand,0.0,0.0
863,Morgan_bit_213,Ligand,0.0,0.0
864,Morgan_bit_215,Ligand,0.0,0.0
865,Morgan_bit_220,Ligand,0.0,0.0
866,Morgan_bit_221,Ligand,0.0,0.0
867,Morgan_bit_224,Ligand,0.0,0.0
868,Morgan_bit_226,Ligand,0.0,0.0
869,Morgan_bit_227,Ligand,0.0,0.0
870,Morgan_bit_228,Ligand,0.0,0.0
871,Morgan_bit_229,Ligand,0.0,0.0
872,Morgan_bit_230,Ligand,0.0,0.0
873,Morgan_bit_232,Ligand,0.0,0.0
874,Morgan_bit_233,Ligand,0.0,0.0
875,Morgan_bit_234,Ligand,0.0,0.0
876,Morgan_bit_235,Ligand,0.0,0.0
877,Morgan_bit_238,Ligand,0.0,0.0
878,Morgan_bit_239,Ligand,0.0,0.0
879,Morgan_bit_241,Ligand,0.0,0.0
880,Morgan_bit_242,Ligand,0.0,0.0
881,Morgan_bit_243,Ligand,0.0,0.0
882,Morgan_bit_298,Ligand,0.0,0.0
883,Morgan_bit_300,Ligand,0.0,0.0
884,Morgan_bit_302,Ligand,0.0,0.0
885,Morgan_bit_351,Ligand,0.0,0.0
886,Morgan_bit_354,Ligand,0.0,0.0
887,Morgan_bit_355,Ligand,0.0,0.0
888,Morgan_bit_357,Ligand,0.0,0.0
889,Morgan_bit_358,Ligand,0.0,0.0
890,Morgan_bit_359,Ligand,0.0,0.0
891,Morgan_bit_363,Ligand,0.0,0.0
892,Morgan_bit_365,Ligand,0.0,0.0
893,Morgan_bit_367,Ligand,0.0,0.0
894,Morgan_bit_368,Ligand,0.0,0.0
895,Morgan_bit_369,Ligand,0.0,0.0
896,Morgan_bit_370,Ligand,0.0,0.0
897,Morgan_bit_371,Ligand,0.0,0.0
898,Morgan_bit_372,Ligand,0.0,0.0
899,Morgan_bit_376,Ligand,0.0,0.0
900,Morgan_bit_377,Ligand,0.0,0.0
901,Morgan_bit_380,Ligand,0.0,0.0
902,Morgan_bit_383,Ligand,0.0,0.0
903,Morgan_bit_384,Ligand,0.0,0.0
904,Morgan_bit_385,Ligand,0.0,0.0
905,Morgan_bit_388,Ligand,0.0,0.0
906,Morgan_bit_390,Ligand,0.0,0.0
907,Morgan_bit_391,Ligand,0.0,0.0
908,Morgan_bit_394,Ligand,0.0,0.0
909,Morgan_bit_395,Ligand,0.0,0.0
910,Morgan_bit_396,Ligand,0.0,0.0
911,Morgan_bit_397,Ligand,0.0,0.0
912,Morgan_bit_399,Ligand,0.0,0.0
913,Morgan_bit_400,Ligand,0.0,0.0
914,Morgan_bit_401,Ligand,0.0,0.0
915,Morgan_bit_353,Ligand,0.0,0.0
916,Morgan_bit_348,Ligand,0.0,0.0
917,Morgan_bit_303,Ligand,0.0,0.0
918,Morgan_bit_347,Ligand,0.0,0.0
919,Morgan_bit_305,Ligand,0.0,0.0
920,Morgan_bit_306,Ligand,0.0,0.0
921,Morgan_bit_307,Ligand,0.0,0.0
922,Morgan_bit_308,Ligand,0.0,0.0
923,Morgan_bit_309,Ligand,0.0,0.0
924,Morgan_bit_311,Ligand,0.0,0.0
925,Morgan_bit_312,Ligand,0.0,0.0
926,Morgan_bit_313,Ligand,0.0,0.0
927,Morgan_bit_314,Ligand,0.0,0.0
928,Morgan_bit_316,Ligand,0.0,0.0
929,Morgan_bit_317,Ligand,0.0,0.0
930,Morgan_bit_318,Ligand,0.0,0.0
931,Morgan_bit_320,Ligand,0.0,0.0
932,Morgan_bit_321,Ligand,0.0,0.0
933,Morgan_bit_325,Ligand,0.0,0.0
934,Morgan_bit_328,Ligand,0.0,0.0
935,Morgan_bit_329,Ligand,0.0,0.0
936,Morgan_bit_330,Ligand,0.0,0.0
937,Morgan_bit_332,Ligand,0.0,0.0
938,Morgan_bit_334,Ligand,0.0,0.0
939,Morgan_bit_336,Ligand,0.0,0.0
940,Morgan_bit_337,Ligand,0.0,0.0
941,Morgan_bit_339,Ligand,0.0,0.0
942,Morgan_bit_340,Ligand,0.0,0.0
943,Morgan_bit_341,Ligand,0.0,0.0
944,Morgan_bit_342,Ligand,0.0,0.0
945,Morgan_bit_343,Ligand,0.0,0.0
946,Morgan_bit_344,Ligand,0.0,0.0
947,Morgan_bit_346,Ligand,0.0,0.0
948,Morgan_bit_196,Ligand,0.0,0.0
949,Morgan_bit_194,Ligand,0.0,0.0
950,Morgan_bit_193,Ligand,0.0,0.0
951,Morgan_bit_49,Ligand,0.0,0.0
952,Morgan_bit_51,Ligand,0.0,0.0
953,Morgan_bit_52,Ligand,0.0,0.0
954,Morgan_bit_53,Ligand,0.0,0.0
955,Morgan_bit_54,Ligand,0.0,0.0
956,Morgan_bit_55,Ligand,0.0,0.0
957,Morgan_bit_56,Ligand,0.0,0.0
958,Morgan_bit_58,Ligand,0.0,0.0
959,Morgan_bit_59,Ligand,0.0,0.0
960,Morgan_bit_61,Ligand,0.0,0.0
961,Morgan_bit_62,Ligand,0.0,0.0
962,Morgan_bit_63,Ligand,0.0,0.0
963,Morgan_bit_66,Ligand,0.0,0.0
964,Morgan_bit_68,Ligand,0.0,0.0
965,Morgan_bit_70,Ligand,0.0,0.0
966,Morgan_bit_71,Ligand,0.0,0.0
967,Morgan_bit_73,Ligand,0.0,0.0
968,Morgan_bit_76,Ligand,0.0,0.0
969,Morgan_bit_77,Ligand,0.0,0.0
970,Morgan_bit_78,Ligand,0.0,0.0
971,Morgan_bit_79,Ligand,0.0,0.0
972,Morgan_bit_81,Ligand,0.0,0.0
973,Morgan_bit_83,Ligand,0.0,0.0
974,Morgan_bit_85,Ligand,0.0,0.0
975,Morgan_bit_86,Ligand,0.0,0.0
976,Morgan_bit_87,Ligand,0.0,0.0
977,Morgan_bit_90,Ligand,0.0,0.0
978,Morgan_bit_92,Ligand,0.0,0.0
979,Morgan_bit_94,Ligand,0.0,0.0
980,Morgan_bit_95,Ligand,0.0,0.0
981,Morgan_bit_50,Ligand,0.0,0.0
982,Morgan_bit_47,Ligand,0.0,0.0
983,Morgan_bit_99,Ligand,0.0,0.0
984,Morgan_bit_46,Ligand,0.0,0.0
985,Morgan_bit_2,Ligand,0.0,0.0
986,Morgan_bit_5,Ligand,0.0,0.0
987,Morgan_bit_6,Ligand,0.0,0.0
988,Morgan_bit_7,Ligand,0.0,0.0
989,Morgan_bit_8,Ligand,0.0,0.0
990,Morgan_bit_9,Ligand,0.0,0.0
991,Morgan_bit_10,Ligand,0.0,0.0
992,Morgan_bit_12,Ligand,0.0,0.0
993,Morgan_bit_14,Ligand,0.0,0.0
994,Morgan_bit_16,Ligand,0.0,0.0
995,Morgan_bit_18,Ligand,0.0,0.0
996,Morgan_bit_19,Ligand,0.0,0.0
997,Morgan_bit_22,Ligand,0.0,0.0
998,Morgan_bit_25,Ligand,0.0,0.0
999,Morgan_bit_26,Ligand,0.0,0.0
1000,Morgan_bit_28,Ligand,0.0,0.0
1001,Morgan_bit_29,Ligand,0.0,0.0
1002,Morgan_bit_30,Ligand,0.0,0.0
1003,Morgan_bit_33,Ligand,0.0,0.0
1004,Morgan_bit_34,Ligand,0.0,0.0
1005,Morgan_bit_35,Ligand,0.0,0.0
1006,Morgan_bit_36,Ligand,0.0,0.0
1007,Morgan_bit_37,Ligand,0.0,0.0
1008,Morgan_bit_38,Ligand,0.0,0.0
1009,Morgan_bit_40,Ligand,0.0,0.0
1010,Morgan_bit_41,Ligand,0.0,0.0
1011,Morgan_bit_42,Ligand,0.0,0.0
1012,Morgan_bit_43,Ligand,0.0,0.0
1013,Morgan_bit_44,Ligand,0.0,0.0
1014,Morgan_bit_98,Ligand,0.0,0.0
1015,Morgan_bit_100,Ligand,0.0,0.0
1016,Morgan_bit_192,Ligand,0.0,0.0
1017,Morgan_bit_146,Ligand,0.0,0.0
1018,Morgan_bit_149,Ligand,0.0,0.0
1019,Morgan_bit_150,Ligand,0.0,0.0
1020,Morgan_bit_151,Ligand,0.0,0.0
1021,Morgan_bit_153,Ligand,0.0,0.0
1022,Morgan_bit_154,Ligand,0.0,0.0
1023,Morgan_bit_155,Ligand,0.0,0.0
1024,Morgan_bit_156,Ligand,0.0,0.0
1025,Morgan_bit_157,Ligand,0.0,0.0
1026,Morgan_bit_159,Ligand,0.0,0.0
1027,Morgan_bit_160,Ligand,0.0,0.0
1028,Morgan_bit_161,Ligand,0.0,0.0
1029,Morgan_bit_163,Ligand,0.0,0.0
1030,Morgan_bit_164,Ligand,0.0,0.0
1031,Morgan_bit_166,Ligand,0.0,0.0
1032,Morgan_bit_167,Ligand,0.0,0.0
1033,Morgan_bit_168,Ligand,0.0,0.0
1034,Morgan_bit_169,Ligand,0.0,0.0
1035,Morgan_bit_172,Ligand,0.0,0.0
1036,Morgan_bit_174,Ligand,0.0,0.0
1037,Morgan_bit_176,Ligand,0.0,0.0
1038,Morgan_bit_178,Ligand,0.0,0.0
1039,Morgan_bit_179,Ligand,0.0,0.0
1040,Morgan_bit_180,Ligand,0.0,0.0
1041,Morgan_bit_181,Ligand,0.0,0.0
1042,Morgan_bit_182,Ligand,0.0,0.0
1043,Morgan_bit_185,Ligand,0.0,0.0
1044,Morgan_bit_186,Ligand,0.0,0.0
1045,Morgan_bit_188,Ligand,0.0,0.0
1046,Morgan_bit_189,Ligand,0.0,0.0
1047,Morgan_bit_148,Ligand,0.0,0.0
1048,Morgan_bit_145,Ligand,0.0,0.0
1049,Morgan_bit_101,Ligand,0.0,0.0
1050,Morgan_bit_144,Ligand,0.0,0.0
1051,Morgan_bit_103,Ligand,0.0,0.0
1052,Morgan_bit_104,Ligand,0.0,0.0
1053,Morgan_bit_105,Ligand,0.0,0.0
1054,Morgan_bit_106,Ligand,0.0,0.0
1055,Morgan_bit_107,Ligand,0.0,0.0
1056,Morgan_bit_108,Ligand,0.0,0.0
1057,Morgan_bit_109,Ligand,0.0,0.0
1058,Morgan_bit_110,Ligand,0.0,0.0
1059,Morgan_bit_111,Ligand,0.0,0.0
1060,Morgan_bit_113,Ligand,0.0,0.0
1061,Morgan_bit_115,Ligand,0.0,0.0
1062,Morgan_bit_116,Ligand,0.0,0.0
1063,Morgan_bit_118,Ligand,0.0,0.0
1064,Morgan_bit_120,Ligand,0.0,0.0
1065,Morgan_bit_123,Ligand,0.0,0.0
1066,Morgan_bit_124,Ligand,0.0,0.0
1067,Morgan_bit_125,Ligand,0.0,0.0
1068,Morgan_bit_126,Ligand,0.0,0.0
1069,Morgan_bit_127,Ligand,0.0,0.0
1070,Morgan_bit_129,Ligand,0.0,0.0
1071,Morgan_bit_130,Ligand,0.0,0.0
1072,Morgan_bit_131,Ligand,0.0,0.0
1073,Morgan_bit_132,Ligand,0.0,0.0
1074,Morgan_bit_135,Ligand,0.0,0.0
1075,Morgan_bit_137,Ligand,0.0,0.0
1076,Morgan_bit_138,Ligand,0.0,0.0
1077,Morgan_bit_140,Ligand,0.0,0.0
1078,Morgan_bit_141,Ligand,0.0,0.0
1079,Morgan_bit_143,Ligand,0.0,0.0
1080,Morgan_bit_402,Ligand,0.0,0.0
1081,Morgan_bit_403,Ligand,0.0,0.0
1082,Morgan_bit_404,Ligand,0.0,0.0
1083,Morgan_bit_659,Ligand,0.0,0.0
1084,Morgan_bit_662,Ligand,0.0,0.0
1085,Morgan_bit_663,Ligand,0.0,0.0
1086,Morgan_bit_664,Ligand,0.0,0.0
1087,Morgan_bit_668,Ligand,0.0,0.0
1088,Morgan_bit_669,Ligand,0.0,0.0
1089,Morgan_bit_670,Ligand,0.0,0.0
1090,Morgan_bit_671,Ligand,0.0,0.0
1091,Morgan_bit_675,Ligand,0.0,0.0
1092,Morgan_bit_676,Ligand,0.0,0.0
1093,Morgan_bit_677,Ligand,0.0,0.0
1094,Morgan_bit_678,Ligand,0.0,0.0
1095,Morgan_bit_681,Ligand,0.0,0.0
1096,Morgan_bit_682,Ligand,0.0,0.0
1097,Morgan_bit_683,Ligand,0.0,0.0
1098,Morgan_bit_684,Ligand,0.0,0.0
1099,Morgan_bit_685,Ligand,0.0,0.0
1100,Morgan_bit_686,Ligand,0.0,0.0
1101,Morgan_bit_688,Ligand,0.0,0.0
1102,Morgan_bit_689,Ligand,0.0,0.0
1103,Morgan_bit_690,Ligand,0.0,0.0
1104,Morgan_bit_691,Ligand,0.0,0.0
1105,Morgan_bit_692,Ligand,0.0,0.0
1106,Morgan_bit_693,Ligand,0.0,0.0
1107,Morgan_bit_696,Ligand,0.0,0.0
1108,Morgan_bit_697,Ligand,0.0,0.0
1109,Morgan_bit_701,Ligand,0.0,0.0
1110,Morgan_bit_702,Ligand,0.0,0.0
1111,Morgan_bit_703,Ligand,0.0,0.0
1112,Morgan_bit_704,Ligand,0.0,0.0
1113,Morgan_bit_661,Ligand,0.0,0.0
1114,Morgan_bit_658,Ligand,0.0,0.0
1115,Morgan_bit_707,Ligand,0.0,0.0
1116,Morgan_bit_657,Ligand,0.0,0.0
1117,Morgan_bit_616,Ligand,0.0,0.0
1118,Morgan_bit_617,Ligand,0.0,0.0
1119,Morgan_bit_618,Ligand,0.0,0.0
1120,Morgan_bit_619,Ligand,0.0,0.0
1121,Morgan_bit_621,Ligand,0.0,0.0
1122,Morgan_bit_622,Ligand,0.0,0.0
1123,Morgan_bit_623,Ligand,0.0,0.0
1124,Morgan_bit_624,Ligand,0.0,0.0
1125,Morgan_bit_626,Ligand,0.0,0.0
1126,Morgan_bit_627,Ligand,0.0,0.0
1127,Morgan_bit_629,Ligand,0.0,0.0
1128,Morgan_bit_630,Ligand,0.0,0.0
1129,Morgan_bit_631,Ligand,0.0,0.0
1130,Morgan_bit_632,Ligand,0.0,0.0
1131,Morgan_bit_634,Ligand,0.0,0.0
1132,Morgan_bit_637,Ligand,0.0,0.0
1133,Morgan_bit_638,Ligand,0.0,0.0
1134,Morgan_bit_640,Ligand,0.0,0.0
1135,Morgan_bit_641,Ligand,0.0,0.0
1136,Morgan_bit_642,Ligand,0.0,0.0
1137,Morgan_bit_643,Ligand,0.0,0.0
1138,Morgan_bit_645,Ligand,0.0,0.0
1139,Morgan_bit_646,Ligand,0.0,0.0
1140,Morgan_bit_647,Ligand,0.0,0.0
1141,Morgan_bit_648,Ligand,0.0,0.0
1142,Morgan_bit_649,Ligand,0.0,0.0
1143,Morgan_bit_651,Ligand,0.0,0.0
1144,Morgan_bit_652,Ligand,0.0,0.0
1145,Morgan_bit_653,Ligand,0.0,0.0
1146,Morgan_bit_705,Ligand,0.0,0.0
1147,Morgan_bit_709,Ligand,0.0,0.0
1148,Morgan_bit_612,Ligand,0.0,0.0
1149,Morgan_bit_765,Ligand,0.0,0.0
1150,Morgan_bit_771,Ligand,0.0,0.0
1151,Morgan_bit_772,Ligand,0.0,0.0
1152,Morgan_bit_773,Ligand,0.0,0.0
1153,Morgan_bit_775,Ligand,0.0,0.0
1154,Morgan_bit_776,Ligand,0.0,0.0
1155,Morgan_bit_777,Ligand,0.0,0.0
1156,Morgan_bit_778,Ligand,0.0,0.0
1157,Morgan_bit_779,Ligand,0.0,0.0
1158,Morgan_bit_780,Ligand,0.0,0.0
1159,Morgan_bit_783,Ligand,0.0,0.0
1160,Morgan_bit_787,Ligand,0.0,0.0
1161,Morgan_bit_789,Ligand,0.0,0.0
1162,Morgan_bit_791,Ligand,0.0,0.0
1163,Morgan_bit_792,Ligand,0.0,0.0
1164,Morgan_bit_793,Ligand,0.0,0.0
1165,Morgan_bit_794,Ligand,0.0,0.0
1166,Morgan_bit_795,Ligand,0.0,0.0
1167,Morgan_bit_798,Ligand,0.0,0.0
1168,Morgan_bit_799,Ligand,0.0,0.0
1169,Morgan_bit_800,Ligand,0.0,0.0
1170,Morgan_bit_803,Ligand,0.0,0.0
1171,Morgan_bit_804,Ligand,0.0,0.0
1172,Morgan_bit_805,Ligand,0.0,0.0
1173,Morgan_bit_806,Ligand,0.0,0.0
1174,Morgan_bit_808,Ligand,0.0,0.0
1175,Morgan_bit_809,Ligand,0.0,0.0
1176,Morgan_bit_810,Ligand,0.0,0.0
1177,Morgan_bit_811,Ligand,0.0,0.0
1178,Morgan_bit_812,Ligand,0.0,0.0
1179,Morgan_bit_768,Ligand,0.0,0.0
1180,Morgan_bit_763,Ligand,0.0,0.0
1181,Morgan_bit_711,Ligand,0.0,0.0
1182,Morgan_bit_762,Ligand,0.0,0.0
1183,Morgan_bit_716,Ligand,0.0,0.0
1184,Morgan_bit_717,Ligand,0.0,0.0
1185,Morgan_bit_718,Ligand,0.0,0.0
1186,Morgan_bit_719,Ligand,0.0,0.0
1187,Morgan_bit_720,Ligand,0.0,0.0
1188,Morgan_bit_722,Ligand,0.0,0.0
1189,Morgan_bit_725,Ligand,0.0,0.0
1190,Morgan_bit_727,Ligand,0.0,0.0
1191,Morgan_bit_731,Ligand,0.0,0.0
1192,Morgan_bit_732,Ligand,0.0,0.0
1193,Morgan_bit_733,Ligand,0.0,0.0
1194,Morgan_bit_736,Ligand,0.0,0.0
1195,Morgan_bit_738,Ligand,0.0,0.0
1196,Morgan_bit_740,Ligand,0.0,0.0
1197,Morgan_bit_742,Ligand,0.0,0.0
1198,Morgan_bit_743,Ligand,0.0,0.0
1199,Morgan_bit_746,Ligand,0.0,0.0
1200,Morgan_bit_747,Ligand,0.0,0.0
1201,Morgan_bit_748,Ligand,0.0,0.0
1202,Morgan_bit_751,Ligand,0.0,0.0
1203,Morgan_bit_752,Ligand,0.0,0.0
1204,Morgan_bit_754,Ligand,0.0,0.0
1205,Morgan_bit_755,Ligand,0.0,0.0
1206,Morgan_bit_756,Ligand,0.0,0.0
1207,Morgan_bit_757,Ligand,0.0,0.0
1208,Morgan_bit_758,Ligand,0.0,0.0
1209,Morgan_bit_759,Ligand,0.0,0.0
1210,Morgan_bit_760,Ligand,0.0,0.0
1211,Morgan_bit_761,Ligand,0.0,0.0
1212,Morgan_bit_613,Ligand,0.0,0.0
1213,Morgan_bit_609,Ligand,0.0,0.0
1214,Morgan_bit_405,Ligand,0.0,0.0
1215,Morgan_bit_451,Ligand,0.0,0.0
1216,Morgan_bit_454,Ligand,0.0,0.0
1217,Morgan_bit_455,Ligand,0.0,0.0
1218,Morgan_bit_457,Ligand,0.0,0.0
1219,Morgan_bit_459,Ligand,0.0,0.0
1220,Morgan_bit_461,Ligand,0.0,0.0
1221,Morgan_bit_462,Ligand,0.0,0.0
1222,Morgan_bit_465,Ligand,0.0,0.0
1223,Morgan_bit_467,Ligand,0.0,0.0
1224,Morgan_bit_469,Ligand,0.0,0.0
1225,Morgan_bit_470,Ligand,0.0,0.0
1226,Morgan_bit_471,Ligand,0.0,0.0
1227,Morgan_bit_472,Ligand,0.0,0.0
1228,Morgan_bit_474,Ligand,0.0,0.0
1229,Morgan_bit_475,Ligand,0.0,0.0
1230,Morgan_bit_476,Ligand,0.0,0.0
1231,Morgan_bit_477,Ligand,0.0,0.0
1232,Morgan_bit_478,Ligand,0.0,0.0
1233,Morgan_bit_479,Ligand,0.0,0.0
1234,Morgan_bit_481,Ligand,0.0,0.0
1235,Morgan_bit_482,Ligand,0.0,0.0
1236,Morgan_bit_483,Ligand,0.0,0.0
1237,Morgan_bit_484,Ligand,0.0,0.0
1238,Morgan_bit_485,Ligand,0.0,0.0
1239,Morgan_bit_486,Ligand,0.0,0.0
1240,Morgan_bit_487,Ligand,0.0,0.0
1241,Morgan_bit_488,Ligand,0.0,0.0
1242,Morgan_bit_493,Ligand,0.0,0.0
1243,Morgan_bit_494,Ligand,0.0,0.0
1244,Morgan_bit_495,Ligand,0.0,0.0
1245,Morgan_bit_453,Ligand,0.0,0.0
1246,Morgan_bit_450,Ligand,0.0,0.0
1247,Morgan_bit_498,Ligand,0.0,0.0
1248,Morgan_bit_449,Ligand,0.0,0.0
1249,Morgan_bit_408,Ligand,0.0,0.0
1250,Morgan_bit_409,Ligand,0.0,0.0
1251,Morgan_bit_410,Ligand,0.0,0.0
1252,Morgan_bit_411,Ligand,0.0,0.0
1253,Morgan_bit_412,Ligand,0.0,0.0
1254,Morgan_bit_413,Ligand,0.0,0.0
1255,Morgan_bit_414,Ligand,0.0,0.0
1256,Morgan_bit_415,Ligand,0.0,0.0
1257,Morgan_bit_417,Ligand,0.0,0.0
1258,Morgan_bit_418,Ligand,0.0,0.0
1259,Morgan_bit_419,Ligand,0.0,0.0
1260,Morgan_bit_420,Ligand,0.0,0.0
1261,Morgan_bit_422,Ligand,0.0,0.0
1262,Morgan_bit_423,Ligand,0.0,0.0
1263,Morgan_bit_425,Ligand,0.0,0.0
1264,Morgan_bit_426,Ligand,0.0,0.0
1265,Morgan_bit_427,Ligand,0.0,0.0
1266,Morgan_bit_429,Ligand,0.0,0.0
1267,Morgan_bit_430,Ligand,0.0,0.0
1268,Morgan_bit_431,Ligand,0.0,0.0
1269,Morgan_bit_432,Ligand,0.0,0.0
1270,Morgan_bit_433,Ligand,0.0,0.0
1271,Morgan_bit_435,Ligand,0.0,0.0
1272,Morgan_bit_439,Ligand,0.0,0.0
1273,Morgan_bit_441,Ligand,0.0,0.0
1274,Morgan_bit_442,Ligand,0.0,0.0
1275,Morgan_bit_443,Ligand,0.0,0.0
1276,Morgan_bit_444,Ligand,0.0,0.0
1277,Morgan_bit_446,Ligand,0.0,0.0
1278,Morgan_bit_497,Ligand,0.0,0.0
1279,Morgan_bit_499,Ligand,0.0,0.0
1280,Morgan_bit_608,Ligand,0.0,0.0
1281,Morgan_bit_550,Ligand,0.0,0.0
1282,Morgan_bit_553,Ligand,0.0,0.0
1283,Morgan_bit_556,Ligand,0.0,0.0
1284,Morgan_bit_557,Ligand,0.0,0.0
1285,Morgan_bit_559,Ligand,0.0,0.0
1286,Morgan_bit_562,Ligand,0.0,0.0
1287,Morgan_bit_564,Ligand,0.0,0.0
1288,Morgan_bit_567,Ligand,0.0,0.0
1289,Morgan_bit_570,Ligand,0.0,0.0
1290,Morgan_bit_571,Ligand,0.0,0.0
1291,Morgan_bit_572,Ligand,0.0,0.0
1292,Morgan_bit_573,Ligand,0.0,0.0
1293,Morgan_bit_576,Ligand,0.0,0.0
1294,Morgan_bit_577,Ligand,0.0,0.0
1295,Morgan_bit_580,Ligand,0.0,0.0
1296,Morgan_bit_581,Ligand,0.0,0.0
1297,Morgan_bit_582,Ligand,0.0,0.0
1298,Morgan_bit_583,Ligand,0.0,0.0
1299,Morgan_bit_584,Ligand,0.0,0.0
1300,Morgan_bit_589,Ligand,0.0,0.0
1301,Morgan_bit_590,Ligand,0.0,0.0
1302,Morgan_bit_591,Ligand,0.0,0.0
1303,Morgan_bit_592,Ligand,0.0,0.0
1304,Morgan_bit_594,Ligand,0.0,0.0
1305,Morgan_bit_595,Ligand,0.0,0.0
1306,Morgan_bit_596,Ligand,0.0,0.0
1307,Morgan_bit_597,Ligand,0.0,0.0
1308,Morgan_bit_599,Ligand,0.0,0.0
1309,Morgan_bit_600,Ligand,0.0,0.0
1310,Morgan_bit_604,Ligand,0.0,0.0
1311,Morgan_bit_551,Ligand,0.0,0.0
1312,Morgan_bit_549,Ligand,0.0,0.0
1313,Morgan_bit_500,Ligand,0.0,0.0
1314,Morgan_bit_548,Ligand,0.0,0.0
1315,Morgan_bit_501,Ligand,0.0,0.0
1316,Morgan_bit_502,Ligand,0.0,0.0
1317,Morgan_bit_503,Ligand,0.0,0.0
1318,Morgan_bit_506,Ligand,0.0,0.0
1319,Morgan_bit_508,Ligand,0.0,0.0
1320,Morgan_bit_509,Ligand,0.0,0.0
1321,Morgan_bit_510,Ligand,0.0,0.0
1322,Morgan_bit_513,Ligand,0.0,0.0
1323,Morgan_bit_514,Ligand,0.0,0.0
1324,Morgan_bit_515,Ligand,0.0,0.0
1325,Morgan_bit_516,Ligand,0.0,0.0
1326,Morgan_bit_517,Ligand,0.0,0.0
1327,Morgan_bit_518,Ligand,0.0,0.0
1328,Morgan_bit_520,Ligand,0.0,0.0
1329,Morgan_bit_522,Ligand,0.0,0.0
1330,Morgan_bit_525,Ligand,0.0,0.0
1331,Morgan_bit_526,Ligand,0.0,0.0
1332,Morgan_bit_529,Ligand,0.0,0.0
1333,Morgan_bit_530,Ligand,0.0,0.0
1334,Morgan_bit_532,Ligand,0.0,0.0
1335,Morgan_bit_533,Ligand,0.0,0.0
1336,Morgan_bit_535,Ligand,0.0,0.0
1337,Morgan_bit_536,Ligand,0.0,0.0
1338,Morgan_bit_539,Ligand,0.0,0.0
1339,Morgan_bit_541,Ligand,0.0,0.0
1340,Morgan_bit_542,Ligand,0.0,0.0
1341,Morgan_bit_543,Ligand,0.0,0.0
1342,Morgan_bit_545,Ligand,0.0,0.0
1343,Morgan_bit_546,Ligand,0.0,0.0
1344,Protein_position_320,Protein,0.0,0.0
